<?xml version="1.0" encoding="UTF-8"?>
<jcr:root xmlns:sling="http://sling.apache.org/jcr/sling/1.0" xmlns:granite="http://www.adobe.com/jcr/granite/1.0" xmlns:cq="http://www.day.com/jcr/cq/1.0" xmlns:jcr="http://www.jcp.org/jcr/1.0" xmlns:nt="http://www.jcp.org/jcr/nt/1.0"
    jcr:primaryType="cq:Template"
    allowedPaths="[/content/entities(/.*)?]"
    ranking="{Long}100">
    <jcr:content
        cq:lastModified="{Date}2022-01-22T18:58:09.802-05:00"
        cq:lastModifiedBy="admin"
        cq:scaffolding="/conf/SampleGraphQL/settings/dam/cfm/models/city/jcr:content/model"
        cq:templateType="/libs/settings/dam/cfm/model-types/fragment"
        jcr:primaryType="cq:PageContent"
        jcr:title="City"
        sling:resourceSuperType="dam/cfm/models/console/components/data/entity"
        sling:resourceType="dam/cfm/models/console/components/data/entity/default"
        status="enabled">
        <metadata jcr:primaryType="nt:unstructured">
            <graphQL
                jcr:primaryType="nt:unstructured"
                apiName="CityModel"
                queryFieldMultiple="cityList"
                queryFieldSingle="cityByPath"/>
        </metadata>
        <model
            cq:targetPath="/content/entities"
            jcr:primaryType="cq:PageContent"
            sling:resourceType="wcm/scaffolding/components/scaffolding"
            dataTypesConfig="/mnt/overlay/settings/dam/cfm/models/formbuilderconfig/datatypes"
            maxGeneratedOrder="20">
            <cq:dialog
                jcr:primaryType="nt:unstructured"
                sling:resourceType="cq/gui/components/authoring/dialog">
                <content
                    jcr:lastModified="{Date}2022-01-22T18:58:09.802-05:00"
                    jcr:lastModifiedBy="admin"
                    jcr:primaryType="nt:unstructured"
                    sling:resourceType="granite/ui/components/coral/foundation/fixedcolumns">
                    <items
                        jcr:primaryType="nt:unstructured"
                        maxGeneratedOrder="20">
                        <_x0031_638118654874
                            jcr:primaryType="nt:unstructured"
                            sling:resourceType="granite/ui/components/coral/foundation/form/textfield"
                            fieldLabel="Name"
                            listOrder="1"
                            maxlength="255"
                            metaType="text-single"
                            name="name"
                            renderReadOnly="false"
                            showEmptyInReadOnly="true"
                            valueType="string">
                            <granite:data jcr:primaryType="nt:unstructured"/>
                        </_x0031_638118654874>
                        <_x0031_638118661519
                            jcr:primaryType="nt:unstructured"
                            sling:resourceType="granite/ui/components/coral/foundation/form/textfield"
                            fieldLabel="Country"
                            listOrder="1"
                            maxlength="255"
                            metaType="text-single"
                            name="country"
                            renderReadOnly="false"
                            showEmptyInReadOnly="true"
                            valueType="string">
                            <granite:data jcr:primaryType="nt:unstructured"/>
                        </_x0031_638118661519>
                        <_x0031_638118670226
                            jcr:primaryType="nt:unstructured"
                            sling:resourceType="granite/ui/components/coral/foundation/form/numberfield"
                            fieldLabel="Population"
                            listOrder="3"
                            metaType="number"
                            name="population"
                            renderReadOnly="false"
                            showEmptyInReadOnly="true"
                            step="any"
                            valueType="double">
                            <granite:data jcr:primaryType="nt:unstructured"/>
                        </_x0031_638118670226>
                        <_x0031_638118677672
                            cq:showOnCreate="true"
                            jcr:primaryType="nt:unstructured"
                            sling:resourceType="cq/gui/components/coral/common/form/tagfield"
                            autocreateTag="true"
                            fieldLabel="Categories"
                            forceSelection="false"
                            listOrder="7"
                            metaType="tags"
                            multiple="[true,false]"
                            name="categories"
                            renderReadOnly="false"
                            rootPath="/content/cq:tags"
                            showEmptyInReadOnly="true"
                            valueType="string/tags[]"/>
                    </items>
                </content>
            </cq:dialog>
        </model>
    </jcr:content>
</jcr:root>
