<?xml version="1.0" encoding="UTF-8"?>
<jcr:root xmlns:dam="http://www.day.com/dam/1.0" xmlns:cq="http://www.day.com/jcr/cq/1.0" xmlns:jcr="http://www.jcp.org/jcr/1.0" xmlns:mix="http://www.jcp.org/jcr/mix/1.0" xmlns:nt="http://www.jcp.org/jcr/nt/1.0"
    jcr:isCheckedOut="{Boolean}true"
    jcr:mixinTypes="[mix:referenceable,mix:versionable]"
    jcr:primaryType="dam:Asset"
    jcr:uuid="8d473942-c9cc-422a-9257-33cb42ae0304">
    <jcr:content
        cq:name="berlin"
        cq:parentPath="/content/dam/sample-content-fragments/cities"
        jcr:lastModified="{Date}2022-01-22T19:03:14.898-05:00"
        jcr:lastModifiedBy="admin"
        jcr:primaryType="dam:AssetContent"
        jcr:title="Berlin"
        contentFragment="{Boolean}true"
        lastFragmentSave="{Date}2022-01-22T19:03:14.898-05:00">
        <data
            cq:model="/conf/SampleGraphQL/settings/dam/cfm/models/city"
            jcr:primaryType="nt:unstructured">
            <master
                cq:tags="[city:emea,city:capital]"
                jcr:mixinTypes="[cq:Taggable,dam:cfVariationNode]"
                jcr:primaryType="nt:unstructured"
                Categories="[city:emea,city:capital]"
                categories="[city:capital,city:emea]"
                Categories_x0040_LastModified="{Date}2022-01-22T18:30:04.758-05:00"
                categories_x0040_LastModified="{Date}2022-01-22T18:59:46.821-05:00"
                country="Germany"
                country_x0040_LastModified="{Date}2022-01-22T18:29:39.658-05:00"
                name="Berlin"
                name_x0040_LastModified="{Date}2022-01-22T18:29:39.657-05:00"
                population="{Double}3669491.0"
                population_x0040_LastModified="{Date}2022-01-22T18:29:39.660-05:00"/>
            <berlin_center
                cq:tags="[city:emea,city:capital]"
                jcr:mixinTypes="[cq:Taggable,dam:cfVariationNode]"
                jcr:primaryType="nt:unstructured"
                _x0040_variationCreationDate="{Date}2022-01-22T19:02:52.662-05:00"
                categories="[city:capital,city:emea]"
                categories_x0040_LastModified="{Date}2022-01-22T19:02:52.677-05:00"
                country="Germany"
                country_x0040_LastModified="{Date}2022-01-22T19:02:52.675-05:00"
                name="Berlin"
                name_x0040_LastModified="{Date}2022-01-22T19:02:52.675-05:00"
                population="{Double}3669491.0"
                population_x0040_LastModified="{Date}2022-01-22T19:02:52.676-05:00"/>
        </data>
        <metadata
            jcr:mixinTypes="[cq:Taggable]"
            jcr:primaryType="nt:unstructured"/>
        <model jcr:primaryType="nt:unstructured">
            <variations jcr:primaryType="nt:unstructured">
                <berlin_center
                    jcr:description=""
                    jcr:mixinTypes="[cq:Taggable]"
                    jcr:primaryType="nt:unstructured"
                    jcr:title="berlin_center"
                    name="berlin_center">
                    <properties
                        jcr:primaryType="nt:unstructured"
                        synchronizeWithVersion="[name:f0d68cd7-ca0a-4fd3-aa30-68f4f5b33cf0,country:f0d68cd7-ca0a-4fd3-aa30-68f4f5b33cf0,population:f0d68cd7-ca0a-4fd3-aa30-68f4f5b33cf0,categories:f0d68cd7-ca0a-4fd3-aa30-68f4f5b33cf0]"/>
                </berlin_center>
            </variations>
        </model>
        <related jcr:primaryType="nt:unstructured"/>
    </jcr:content>
</jcr:root>
