<?xml version="1.0" encoding="UTF-8"?>
<jcr:root xmlns:sling="http://sling.apache.org/jcr/sling/1.0" xmlns:granite="http://www.adobe.com/jcr/granite/1.0" xmlns:cq="http://www.day.com/jcr/cq/1.0" xmlns:jcr="http://www.jcp.org/jcr/1.0" xmlns:nt="http://www.jcp.org/jcr/nt/1.0"
    jcr:primaryType="cq:Template"
    allowedPaths="[/content/entities(/.*)?]"
    ranking="{Long}100">
    <jcr:content
        cq:lastModified="{Date}2022-01-22T19:07:59.934-05:00"
        cq:lastModifiedBy="admin"
        cq:scaffolding="/conf/SampleGraphQL/settings/dam/cfm/models/company/jcr:content/model"
        cq:templateType="/libs/settings/dam/cfm/model-types/fragment"
        jcr:primaryType="cq:PageContent"
        jcr:title="Company"
        sling:resourceSuperType="dam/cfm/models/console/components/data/entity"
        sling:resourceType="dam/cfm/models/console/components/data/entity/default"
        status="enabled">
        <metadata jcr:primaryType="nt:unstructured">
            <graphQL
                jcr:primaryType="nt:unstructured"
                apiName="CompanyModel"
                queryFieldMultiple="companyList"
                queryFieldSingle="companyByPath"/>
        </metadata>
        <model
            cq:targetPath="/content/entities"
            jcr:primaryType="cq:PageContent"
            sling:resourceType="wcm/scaffolding/components/scaffolding"
            dataTypesConfig="/mnt/overlay/settings/dam/cfm/models/formbuilderconfig/datatypes"
            maxGeneratedOrder="20">
            <cq:dialog
                jcr:primaryType="nt:unstructured"
                sling:resourceType="cq/gui/components/authoring/dialog">
                <content
                    jcr:lastModified="{Date}2022-01-22T19:07:59.934-05:00"
                    jcr:lastModifiedBy="admin"
                    jcr:primaryType="nt:unstructured"
                    sling:resourceType="granite/ui/components/coral/foundation/fixedcolumns">
                    <items
                        jcr:primaryType="nt:unstructured"
                        maxGeneratedOrder="20">
                        <_x0031_638118762476
                            jcr:primaryType="nt:unstructured"
                            sling:resourceType="granite/ui/components/coral/foundation/form/textfield"
                            fieldLabel="Company Name"
                            listOrder="1"
                            maxlength="255"
                            metaType="text-single"
                            name="name"
                            renderReadOnly="false"
                            showEmptyInReadOnly="true"
                            valueType="string">
                            <granite:data jcr:primaryType="nt:unstructured"/>
                        </_x0031_638118762476>
                        <_x0031_642895260487
                            jcr:primaryType="nt:unstructured"
                            sling:resourceType="dam/cfm/models/editor/components/fragmentreference"
                            allowNew="{Boolean}true"
                            fieldLabel="CEO"
                            filter="hierarchy"
                            fragmentmodelreference="/conf/SampleGraphQL/settings/dam/cfm/models/person"
                            listOrder="9"
                            metaType="fragment-reference"
                            name="ceo"
                            nameSuffix="contentReference"
                            renderReadOnly="false"
                            rootPath="/content/dam/sample-content-fragments/persons"
                            showEmptyInReadOnly="true"
                            valueType="string/content-fragment">
                            <field
                                jcr:primaryType="nt:unstructured"
                                rootPath="/content/dam/sample-content-fragments/persons"/>
                            <granite:data jcr:primaryType="nt:unstructured"/>
                        </_x0031_642895260487>
                        <_x0031_642895282253
                            jcr:primaryType="nt:unstructured"
                            sling:resourceType="dam/cfm/models/editor/components/fragmentreference/multifield"
                            allowNew="{Boolean}true"
                            fieldLabel="Employees"
                            filter="hierarchy"
                            fragmentmodelreference="/conf/SampleGraphQL/settings/dam/cfm/models/person"
                            listOrder="9"
                            metaType="fragment-reference"
                            name="employees"
                            nameSuffix="contentReference"
                            renderReadOnly="false"
                            rootPath="/content/dam/sample-content-fragments/persons"
                            showEmptyInReadOnly="true"
                            valueType="string/content-fragment[]">
                            <field
                                jcr:primaryType="nt:unstructured"
                                sling:resourceType="dam/cfm/models/editor/components/fragmentreference"
                                fragmentmodelreference="/conf/SampleGraphQL/settings/dam/cfm/models/person"
                                name="employees"
                                renderReadOnly="false">
                                <granite:data jcr:primaryType="nt:unstructured"/>
                            </field>
                            <granite:data jcr:primaryType="nt:unstructured"/>
                        </_x0031_642895282253>
                    </items>
                </content>
            </cq:dialog>
        </model>
    </jcr:content>
</jcr:root>
